epoch,accuracy,loss,val_accuracy,val_loss
0,0.7154600024223328,0.8261984586715698,0.6722000241279602,0.970572829246521
1,0.759440004825592,0.691328227519989,0.6912000179290771,1.0047783851623535
2,0.8043000102043152,0.5621720552444458,0.6855999827384949,1.0751761198043823
