epoch,accuracy,loss,val_accuracy,val_loss
0,0.5149800181388855,1.3653932809829712,0.6079999804496765,1.1182470321655273
1,0.6503999829292297,1.0054258108139038,0.6647999882698059,0.9853477478027344
2,0.70278000831604,0.8520612716674805,0.6660000085830688,0.9784403443336487
3,0.7531200051307678,0.7082441449165344,0.6729999780654907,0.9881327152252197
4,0.7962999939918518,0.5829593539237976,0.673799991607666,1.0830498933792114
